photo_id,user_id,photo
176,6232789113,https://randomuser.me/api/portraits/men/27.jpg
177,7780360929,https://randomuser.me/api/portraits/women/82.jpg
178,2428713041,https://randomuser.me/api/portraits/women/55.jpg
179,5246349541,https://randomuser.me/api/portraits/women/59.jpg
180,9181986552,https://randomuser.me/api/portraits/women/81.jpg
181,8258413088,https://randomuser.me/api/portraits/women/6.jpg
182,8766720161,https://randomuser.me/api/portraits/women/10.jpg
183,3116524670,https://randomuser.me/api/portraits/women/89.jpg
184,5034611206,https://randomuser.me/api/portraits/men/48.jpg
185,9627613559,https://randomuser.me/api/portraits/men/14.jpg
186,2120805887,https://randomuser.me/api/portraits/men/15.jpg
187,3526907709,https://randomuser.me/api/portraits/women/28.jpg
188,5536133399,https://randomuser.me/api/portraits/men/7.jpg
189,2426505632,https://randomuser.me/api/portraits/women/24.jpg
190,8527788382,https://randomuser.me/api/portraits/women/73.jpg
191,3775004688,https://randomuser.me/api/portraits/men/53.jpg
192,2348040451,https://randomuser.me/api/portraits/women/24.jpg
193,9360083882,https://randomuser.me/api/portraits/women/36.jpg
194,5412302291,https://randomuser.me/api/portraits/women/2.jpg
195,7631043464,https://randomuser.me/api/portraits/men/75.jpg
196,9766905393,https://randomuser.me/api/portraits/men/27.jpg
197,2659124900,https://randomuser.me/api/portraits/women/46.jpg
198,8741838140,https://randomuser.me/api/portraits/men/74.jpg
199,8727802837,https://randomuser.me/api/portraits/men/5.jpg
200,7274102965,https://randomuser.me/api/portraits/men/67.jpg
201,7672331549,https://randomuser.me/api/portraits/women/82.jpg
202,1458750572,https://randomuser.me/api/portraits/men/86.jpg
203,7361876614,https://randomuser.me/api/portraits/men/96.jpg
204,9685716262,https://randomuser.me/api/portraits/women/91.jpg
205,4987229449,https://randomuser.me/api/portraits/men/11.jpg
206,3919224393,https://randomuser.me/api/portraits/men/86.jpg
207,7429658167,https://randomuser.me/api/portraits/women/26.jpg
208,2737897633,https://randomuser.me/api/portraits/men/7.jpg
209,3691614529,https://randomuser.me/api/portraits/men/78.jpg
210,2228737474,https://randomuser.me/api/portraits/men/48.jpg
211,2895872449,https://randomuser.me/api/portraits/men/54.jpg
212,4457162485,https://randomuser.me/api/portraits/women/6.jpg
213,1057188707,https://randomuser.me/api/portraits/men/47.jpg
214,6990714038,https://randomuser.me/api/portraits/women/28.jpg
215,8393559095,https://randomuser.me/api/portraits/women/82.jpg
216,2382636060,https://randomuser.me/api/portraits/women/10.jpg
217,1384837995,https://randomuser.me/api/portraits/women/48.jpg
218,2626659820,https://randomuser.me/api/portraits/women/30.jpg
219,6636778982,https://randomuser.me/api/portraits/women/32.jpg
220,9737728083,https://randomuser.me/api/portraits/men/1.jpg
221,3279479013,https://randomuser.me/api/portraits/men/7.jpg
222,9833557933,https://randomuser.me/api/portraits/men/78.jpg
223,6874544811,https://randomuser.me/api/portraits/women/55.jpg
224,1808333600,https://randomuser.me/api/portraits/women/18.jpg
225,7175641552,https://randomuser.me/api/portraits/women/17.jpg
226,3978256170,https://randomuser.me/api/portraits/men/60.jpg
227,5301602263,https://randomuser.me/api/portraits/men/4.jpg
228,6982017944,https://randomuser.me/api/portraits/women/82.jpg
229,5845872562,https://randomuser.me/api/portraits/women/37.jpg
230,2070498208,https://randomuser.me/api/portraits/men/91.jpg
231,1513095773,https://randomuser.me/api/portraits/men/23.jpg
232,2231089545,https://randomuser.me/api/portraits/women/11.jpg
233,2668934535,https://randomuser.me/api/portraits/men/92.jpg
234,9141725346,https://randomuser.me/api/portraits/women/60.jpg
235,9622840013,https://randomuser.me/api/portraits/men/30.jpg
236,1992260417,https://randomuser.me/api/portraits/men/40.jpg
237,1067690577,https://randomuser.me/api/portraits/women/48.jpg
238,5232263542,https://randomuser.me/api/portraits/men/17.jpg
239,1367086372,https://randomuser.me/api/portraits/women/7.jpg
240,6127094862,https://randomuser.me/api/portraits/men/0.jpg
241,4067015683,https://randomuser.me/api/portraits/men/16.jpg
242,9630625287,https://randomuser.me/api/portraits/women/85.jpg
243,8835306394,https://randomuser.me/api/portraits/men/83.jpg
244,6293922194,https://randomuser.me/api/portraits/men/43.jpg
245,1039493267,https://randomuser.me/api/portraits/men/93.jpg
246,3117487748,https://randomuser.me/api/portraits/men/96.jpg
247,8670812697,https://randomuser.me/api/portraits/men/85.jpg
248,4906834446,https://randomuser.me/api/portraits/women/9.jpg
249,1463735999,https://randomuser.me/api/portraits/men/64.jpg
250,5771733131,https://randomuser.me/api/portraits/women/45.jpg
251,4603291458,https://randomuser.me/api/portraits/women/25.jpg
252,7457078227,https://randomuser.me/api/portraits/women/78.jpg
253,8275158706,https://randomuser.me/api/portraits/men/46.jpg
254,9518707661,https://randomuser.me/api/portraits/women/93.jpg
255,3627203646,https://randomuser.me/api/portraits/men/83.jpg
256,8056399010,https://randomuser.me/api/portraits/men/97.jpg
257,5996216329,https://randomuser.me/api/portraits/men/22.jpg
258,6394906083,https://randomuser.me/api/portraits/men/20.jpg
259,3760386724,https://randomuser.me/api/portraits/women/40.jpg
260,2735762239,https://randomuser.me/api/portraits/men/73.jpg
261,8434341089,https://randomuser.me/api/portraits/men/74.jpg
262,1612198466,https://randomuser.me/api/portraits/women/24.jpg
263,5197416837,https://randomuser.me/api/portraits/men/45.jpg
264,5105891906,https://randomuser.me/api/portraits/women/65.jpg
265,6738624599,https://randomuser.me/api/portraits/women/31.jpg
266,6760823777,https://randomuser.me/api/portraits/men/93.jpg
267,2274939081,https://randomuser.me/api/portraits/women/67.jpg
268,6673815322,https://randomuser.me/api/portraits/men/53.jpg
269,6241976122,https://randomuser.me/api/portraits/women/55.jpg
270,9623470090,https://randomuser.me/api/portraits/women/51.jpg
271,9295010550,https://randomuser.me/api/portraits/men/37.jpg
272,9952423186,https://randomuser.me/api/portraits/men/18.jpg
273,2991531484,https://randomuser.me/api/portraits/women/86.jpg
274,2040370673,https://randomuser.me/api/portraits/women/14.jpg
275,4197112769,https://randomuser.me/api/portraits/men/41.jpg
276,8340030063,https://randomuser.me/api/portraits/women/11.jpg
277,1197260689,https://randomuser.me/api/portraits/men/60.jpg
278,1224795954,https://randomuser.me/api/portraits/women/12.jpg
279,7666599867,https://randomuser.me/api/portraits/men/6.jpg
280,2389942251,https://randomuser.me/api/portraits/men/15.jpg
281,2913890369,https://randomuser.me/api/portraits/men/52.jpg
282,5885548603,https://randomuser.me/api/portraits/men/44.jpg
283,1077053290,https://randomuser.me/api/portraits/women/39.jpg
284,5131838433,https://randomuser.me/api/portraits/women/84.jpg
285,9902749610,https://randomuser.me/api/portraits/men/70.jpg
286,8933104358,https://randomuser.me/api/portraits/men/48.jpg
287,7448615704,https://randomuser.me/api/portraits/women/18.jpg
288,4504061227,https://randomuser.me/api/portraits/men/76.jpg
289,7165473851,https://randomuser.me/api/portraits/women/90.jpg
290,4436744515,https://randomuser.me/api/portraits/women/55.jpg
291,6079596829,https://randomuser.me/api/portraits/men/74.jpg
292,6343448264,https://randomuser.me/api/portraits/women/16.jpg
293,4479121594,https://randomuser.me/api/portraits/men/57.jpg
294,6840592960,https://randomuser.me/api/portraits/women/57.jpg
295,9650519932,https://randomuser.me/api/portraits/men/52.jpg
296,6353203275,https://randomuser.me/api/portraits/women/33.jpg
297,9663220663,https://randomuser.me/api/portraits/men/38.jpg
298,4978993941,https://randomuser.me/api/portraits/men/21.jpg
299,5045635697,https://randomuser.me/api/portraits/women/75.jpg
300,5280011562,https://randomuser.me/api/portraits/men/1.jpg
301,1405639238,https://randomuser.me/api/portraits/women/33.jpg
302,9269507006,https://randomuser.me/api/portraits/men/66.jpg
303,3498858917,https://randomuser.me/api/portraits/women/37.jpg
304,7214565543,https://randomuser.me/api/portraits/women/49.jpg
305,1009450409,https://randomuser.me/api/portraits/women/26.jpg
306,7860812869,https://randomuser.me/api/portraits/men/62.jpg
307,2132566136,https://randomuser.me/api/portraits/women/22.jpg
308,8533821251,https://randomuser.me/api/portraits/men/50.jpg
309,6055291085,https://randomuser.me/api/portraits/women/94.jpg
310,2931283512,https://randomuser.me/api/portraits/men/36.jpg
311,1089834641,https://randomuser.me/api/portraits/men/0.jpg
312,6456125518,https://randomuser.me/api/portraits/men/85.jpg
313,1973694198,https://randomuser.me/api/portraits/women/44.jpg
314,9188326660,https://randomuser.me/api/portraits/men/56.jpg
315,8377539203,https://randomuser.me/api/portraits/men/95.jpg
316,4045308031,https://randomuser.me/api/portraits/women/52.jpg
317,3196993810,https://randomuser.me/api/portraits/men/97.jpg
318,9122169208,https://randomuser.me/api/portraits/men/9.jpg
319,4086076246,https://randomuser.me/api/portraits/women/91.jpg
320,6114353629,https://randomuser.me/api/portraits/women/84.jpg
321,8563192783,https://randomuser.me/api/portraits/women/7.jpg
322,8495765550,https://randomuser.me/api/portraits/women/47.jpg
323,5631577827,https://randomuser.me/api/portraits/women/34.jpg
324,9510295922,https://randomuser.me/api/portraits/women/38.jpg
325,6748268513,https://randomuser.me/api/portraits/men/87.jpg
326,8623493162,https://randomuser.me/api/portraits/women/32.jpg
327,6376836828,https://randomuser.me/api/portraits/women/43.jpg
328,3411104119,https://randomuser.me/api/portraits/men/11.jpg
329,1486681215,https://randomuser.me/api/portraits/men/57.jpg
330,2444925519,https://randomuser.me/api/portraits/men/51.jpg
331,7867617035,https://randomuser.me/api/portraits/men/37.jpg
332,5827803283,https://randomuser.me/api/portraits/men/47.jpg
333,8927793912,https://randomuser.me/api/portraits/women/94.jpg
334,1528543183,https://randomuser.me/api/portraits/men/48.jpg
335,2361152510,https://randomuser.me/api/portraits/men/21.jpg
336,9920700411,https://randomuser.me/api/portraits/women/20.jpg
337,7231111512,https://randomuser.me/api/portraits/women/12.jpg
338,2080460398,https://randomuser.me/api/portraits/men/76.jpg
339,4700676007,https://randomuser.me/api/portraits/women/36.jpg
340,6711806091,https://randomuser.me/api/portraits/women/56.jpg
341,8007025922,https://randomuser.me/api/portraits/women/47.jpg
342,7120271030,https://randomuser.me/api/portraits/men/78.jpg
343,1345112968,https://randomuser.me/api/portraits/women/53.jpg
344,1210315937,https://randomuser.me/api/portraits/women/60.jpg
345,3620865679,https://randomuser.me/api/portraits/men/90.jpg
346,4040078198,https://randomuser.me/api/portraits/men/68.jpg
347,2519147611,https://randomuser.me/api/portraits/men/22.jpg
348,4913824358,https://randomuser.me/api/portraits/men/27.jpg
349,1530585984,https://randomuser.me/api/portraits/men/73.jpg
350,2996986228,https://randomuser.me/api/portraits/men/68.jpg
351,1331379974,https://randomuser.me/api/portraits/women/14.jpg
352,5165660035,https://randomuser.me/api/portraits/women/28.jpg
353,1525520640,https://randomuser.me/api/portraits/women/18.jpg
354,8904393291,https://randomuser.me/api/portraits/women/21.jpg
355,7835780809,https://randomuser.me/api/portraits/men/38.jpg
356,8419621412,https://randomuser.me/api/portraits/men/36.jpg
357,5099367760,https://randomuser.me/api/portraits/women/59.jpg
358,6468983226,https://randomuser.me/api/portraits/men/49.jpg
359,6144568235,https://randomuser.me/api/portraits/men/43.jpg
360,9163385980,https://randomuser.me/api/portraits/women/25.jpg
361,3923629176,https://randomuser.me/api/portraits/men/7.jpg
362,5133027639,https://randomuser.me/api/portraits/men/44.jpg
363,4225305615,https://randomuser.me/api/portraits/women/71.jpg
365,6074937745,https://randomuser.me/api/portraits/women/77.jpg
366,7860263115,https://randomuser.me/api/portraits/men/66.jpg
367,6062434950,https://randomuser.me/api/portraits/women/91.jpg
368,2565074782,https://randomuser.me/api/portraits/women/85.jpg
369,4905159306,https://randomuser.me/api/portraits/women/85.jpg
370,2097776894,https://randomuser.me/api/portraits/men/24.jpg
371,5723172652,https://randomuser.me/api/portraits/men/2.jpg
372,3013532499,https://randomuser.me/api/portraits/men/68.jpg
373,7648558261,https://randomuser.me/api/portraits/women/22.jpg
374,1112312487,https://randomuser.me/api/portraits/men/80.jpg
375,7300571341,https://randomuser.me/api/portraits/men/78.jpg
376,3906105279,https://randomuser.me/api/portraits/women/25.jpg
377,9851497625,https://randomuser.me/api/portraits/men/75.jpg
378,5853645175,https://randomuser.me/api/portraits/men/50.jpg
379,8706385520,https://randomuser.me/api/portraits/men/11.jpg
380,1282937521,https://randomuser.me/api/portraits/women/36.jpg
381,3088301278,https://randomuser.me/api/portraits/men/13.jpg
382,5224660238,https://randomuser.me/api/portraits/women/82.jpg
383,8973939049,https://randomuser.me/api/portraits/men/19.jpg
384,1582974775,https://randomuser.me/api/portraits/men/70.jpg
385,6448842616,https://randomuser.me/api/portraits/men/6.jpg
386,9116963707,https://randomuser.me/api/portraits/men/79.jpg
387,4215627524,https://randomuser.me/api/portraits/women/60.jpg
388,7007215315,https://randomuser.me/api/portraits/men/45.jpg
389,6182600599,https://randomuser.me/api/portraits/men/27.jpg
390,3511255087,https://randomuser.me/api/portraits/men/17.jpg
391,8289213445,https://randomuser.me/api/portraits/women/24.jpg
392,6131905671,https://randomuser.me/api/portraits/women/19.jpg
393,3776874749,https://randomuser.me/api/portraits/men/98.jpg
394,5213328728,https://randomuser.me/api/portraits/women/9.jpg
395,3019431598,https://randomuser.me/api/portraits/women/14.jpg
396,4380728706,https://randomuser.me/api/portraits/men/40.jpg
397,9239337489,https://randomuser.me/api/portraits/men/15.jpg
398,3459994899,https://randomuser.me/api/portraits/men/68.jpg
399,1378150902,https://randomuser.me/api/portraits/women/57.jpg
400,6279023515,https://randomuser.me/api/portraits/men/23.jpg
401,2172387903,https://randomuser.me/api/portraits/women/23.jpg
402,2420120415,https://randomuser.me/api/portraits/men/54.jpg
403,3591221321,https://randomuser.me/api/portraits/women/34.jpg
404,3150070919,https://randomuser.me/api/portraits/men/97.jpg
405,4918042688,https://randomuser.me/api/portraits/women/35.jpg
406,2966801425,https://randomuser.me/api/portraits/men/71.jpg
407,4503018777,https://randomuser.me/api/portraits/women/91.jpg
408,2233447967,https://randomuser.me/api/portraits/men/78.jpg
409,3643410664,https://randomuser.me/api/portraits/women/47.jpg
410,4552779431,https://randomuser.me/api/portraits/men/31.jpg
411,7950958083,https://randomuser.me/api/portraits/men/7.jpg
412,8700386893,https://randomuser.me/api/portraits/men/71.jpg
413,1276895283,https://randomuser.me/api/portraits/women/77.jpg
414,7451446958,https://randomuser.me/api/portraits/women/17.jpg
415,5401825286,https://randomuser.me/api/portraits/men/23.jpg
416,3705700450,https://randomuser.me/api/portraits/men/5.jpg
417,9012583011,https://randomuser.me/api/portraits/men/28.jpg
418,2295084333,https://randomuser.me/api/portraits/women/51.jpg
419,5224292302,https://randomuser.me/api/portraits/women/22.jpg
420,5221420335,https://randomuser.me/api/portraits/men/33.jpg
421,1637945648,https://randomuser.me/api/portraits/men/61.jpg
422,7029887013,https://randomuser.me/api/portraits/men/70.jpg
423,9003179843,https://randomuser.me/api/portraits/women/71.jpg
424,4043934115,https://randomuser.me/api/portraits/women/18.jpg
425,3729250705,https://randomuser.me/api/portraits/men/92.jpg
426,3138157899,https://randomuser.me/api/portraits/women/27.jpg
427,5463748143,https://randomuser.me/api/portraits/women/30.jpg
428,3476523003,https://randomuser.me/api/portraits/women/71.jpg
429,1485030233,https://randomuser.me/api/portraits/women/53.jpg
430,7680393115,https://randomuser.me/api/portraits/men/42.jpg
431,6583135848,https://randomuser.me/api/portraits/men/98.jpg
432,2522394842,https://randomuser.me/api/portraits/men/41.jpg
433,5513779398,https://randomuser.me/api/portraits/men/20.jpg
434,3013525545,https://randomuser.me/api/portraits/women/3.jpg
435,7214878179,https://randomuser.me/api/portraits/men/87.jpg
436,4990586941,https://randomuser.me/api/portraits/men/45.jpg
437,5588136744,https://randomuser.me/api/portraits/women/88.jpg
438,5829926800,https://randomuser.me/api/portraits/men/43.jpg
439,9608999937,https://randomuser.me/api/portraits/women/60.jpg
440,8033314565,https://randomuser.me/api/portraits/women/65.jpg
441,1901728081,https://randomuser.me/api/portraits/men/3.jpg
442,4973105014,https://randomuser.me/api/portraits/men/29.jpg
443,3473625679,https://randomuser.me/api/portraits/women/78.jpg
444,9277202063,https://randomuser.me/api/portraits/women/67.jpg
445,9648941981,https://randomuser.me/api/portraits/men/92.jpg
446,2953857956,https://randomuser.me/api/portraits/men/83.jpg
447,4481848694,https://randomuser.me/api/portraits/women/23.jpg
448,6111915352,https://randomuser.me/api/portraits/men/76.jpg
449,9774370867,https://randomuser.me/api/portraits/men/85.jpg
450,4507033588,https://randomuser.me/api/portraits/men/46.jpg
451,7998267601,https://randomuser.me/api/portraits/women/70.jpg
452,1882191566,https://randomuser.me/api/portraits/men/62.jpg
453,7078590529,https://randomuser.me/api/portraits/men/83.jpg
454,2437506753,https://randomuser.me/api/portraits/men/35.jpg
455,8313695793,https://randomuser.me/api/portraits/women/18.jpg
456,3782395203,https://randomuser.me/api/portraits/women/96.jpg
457,4788598669,https://randomuser.me/api/portraits/women/60.jpg
458,2108771890,https://randomuser.me/api/portraits/men/23.jpg
459,6301147984,https://randomuser.me/api/portraits/men/94.jpg
460,7433898539,https://randomuser.me/api/portraits/men/52.jpg
461,6777771734,https://randomuser.me/api/portraits/women/54.jpg
462,1600620587,https://randomuser.me/api/portraits/men/51.jpg
463,5733505110,https://randomuser.me/api/portraits/men/14.jpg
464,6099627172,https://randomuser.me/api/portraits/men/41.jpg
465,1402731205,https://randomuser.me/api/portraits/women/85.jpg
466,6510245501,https://randomuser.me/api/portraits/women/70.jpg
467,6588213764,https://randomuser.me/api/portraits/women/9.jpg
468,5576702423,https://randomuser.me/api/portraits/women/71.jpg
469,7474702255,https://randomuser.me/api/portraits/women/53.jpg
470,9779033533,https://randomuser.me/api/portraits/men/94.jpg
471,5109012961,https://randomuser.me/api/portraits/men/19.jpg
472,6884525681,https://randomuser.me/api/portraits/men/37.jpg
473,7891482196,https://randomuser.me/api/portraits/women/7.jpg
474,6472131190,https://randomuser.me/api/portraits/men/87.jpg
475,4533712683,https://randomuser.me/api/portraits/men/42.jpg
476,2946435577,https://randomuser.me/api/portraits/men/97.jpg
477,2954382686,https://randomuser.me/api/portraits/men/33.jpg
478,5309284096,https://randomuser.me/api/portraits/men/76.jpg
479,2087379733,https://randomuser.me/api/portraits/women/93.jpg
480,6137847004,https://randomuser.me/api/portraits/women/29.jpg
481,4689649494,https://randomuser.me/api/portraits/men/98.jpg
482,1037797468,https://randomuser.me/api/portraits/men/60.jpg
483,9731946228,https://randomuser.me/api/portraits/women/78.jpg
484,7307819035,https://randomuser.me/api/portraits/women/44.jpg
485,2207347272,https://randomuser.me/api/portraits/women/63.jpg
486,1479684626,https://randomuser.me/api/portraits/women/9.jpg
487,9296150922,https://randomuser.me/api/portraits/women/13.jpg
488,4434184869,https://randomuser.me/api/portraits/women/68.jpg
489,8336225292,https://randomuser.me/api/portraits/men/39.jpg
490,4734294382,https://randomuser.me/api/portraits/women/93.jpg
491,7723023417,https://randomuser.me/api/portraits/men/58.jpg
492,3986765643,https://randomuser.me/api/portraits/men/7.jpg
493,5383612900,https://randomuser.me/api/portraits/men/15.jpg
494,4439728796,https://randomuser.me/api/portraits/men/92.jpg
495,2010664134,https://randomuser.me/api/portraits/women/8.jpg
496,3589249334,https://randomuser.me/api/portraits/men/88.jpg
497,5102196600,https://randomuser.me/api/portraits/men/54.jpg
498,6789560530,https://randomuser.me/api/portraits/men/53.jpg
499,6510427857,https://randomuser.me/api/portraits/men/5.jpg
500,4159395742,https://randomuser.me/api/portraits/men/35.jpg
501,9592437597,https://randomuser.me/api/portraits/men/98.jpg
502,8660569034,https://randomuser.me/api/portraits/women/26.jpg
503,8034603942,https://randomuser.me/api/portraits/men/34.jpg
504,8595179576,https://randomuser.me/api/portraits/men/92.jpg
505,5968980029,https://randomuser.me/api/portraits/women/54.jpg
506,3262864644,https://randomuser.me/api/portraits/men/32.jpg
507,2739482867,https://randomuser.me/api/portraits/women/82.jpg
508,3822877682,https://randomuser.me/api/portraits/women/27.jpg
509,9722085587,https://randomuser.me/api/portraits/men/56.jpg
510,9526371290,https://randomuser.me/api/portraits/men/74.jpg
511,3327291769,https://randomuser.me/api/portraits/women/20.jpg
512,4713551945,https://randomuser.me/api/portraits/men/95.jpg
513,6010851609,https://randomuser.me/api/portraits/men/92.jpg
514,2614979918,https://randomuser.me/api/portraits/women/35.jpg
515,8271849209,https://randomuser.me/api/portraits/women/56.jpg
516,4585706618,https://randomuser.me/api/portraits/women/49.jpg
517,6774765410,https://randomuser.me/api/portraits/women/38.jpg
518,6988713530,https://randomuser.me/api/portraits/men/57.jpg
519,2537471982,https://randomuser.me/api/portraits/men/24.jpg
520,4659629200,https://randomuser.me/api/portraits/women/5.jpg
521,4285842281,https://randomuser.me/api/portraits/men/18.jpg
522,2716888771,https://randomuser.me/api/portraits/women/84.jpg
523,3642091745,https://randomuser.me/api/portraits/men/98.jpg
524,8308216763,https://randomuser.me/api/portraits/women/80.jpg
525,3660681968,https://randomuser.me/api/portraits/men/1.jpg
526,6015494411,https://randomuser.me/api/portraits/men/47.jpg
527,7396363876,https://randomuser.me/api/portraits/men/91.jpg
528,9294079424,https://randomuser.me/api/portraits/men/36.jpg
529,1237785868,https://randomuser.me/api/portraits/women/13.jpg
530,7769080626,https://randomuser.me/api/portraits/women/51.jpg
531,5516473781,https://randomuser.me/api/portraits/women/80.jpg
532,4203962838,https://randomuser.me/api/portraits/men/79.jpg
533,8843445792,https://randomuser.me/api/portraits/women/84.jpg
534,8157115184,https://randomuser.me/api/portraits/women/1.jpg
535,8806639783,https://randomuser.me/api/portraits/women/16.jpg
536,4038505297,https://randomuser.me/api/portraits/women/84.jpg
537,5807871886,https://randomuser.me/api/portraits/men/35.jpg
538,8858837623,https://randomuser.me/api/portraits/men/29.jpg
539,5868143078,https://randomuser.me/api/portraits/men/98.jpg
540,2918826949,https://randomuser.me/api/portraits/men/37.jpg
541,1057806907,https://randomuser.me/api/portraits/women/51.jpg
542,3306515706,https://randomuser.me/api/portraits/men/23.jpg
543,5960365672,https://randomuser.me/api/portraits/men/26.jpg
544,7854668615,https://randomuser.me/api/portraits/men/67.jpg
546,1188074863,https://i.imgur.com/45REvT5.jpeg
